dataset,seed,split,bit_index,branch,activation_rate,binary_entropy_bits,continuous_mean,continuous_sd
mnist,42,train,0,0,0.9999,0.0014730335283280294,0.13319890201091766,0.03451605513691902
mnist,42,train,1,0,0.5665,0.9872021966280995,0.016214776784181595,0.05369118973612785
mnist,42,train,2,0,1.0,0.0,0.23135356605052948,0.05043201148509979
mnist,42,train,3,0,0.0122,0.09504817034395499,-0.13148292899131775,0.046207740902900696
mnist,42,train,4,1,0.1507,0.6115892862600285,-0.05829614773392677,0.05172935500741005
mnist,42,train,5,1,0.9986,0.015290858996337876,0.1376456618309021,0.048208821564912796
mnist,42,train,6,1,0.4969,0.9999722712236636,-0.00442423764616251,0.04561709985136986
mnist,42,train,7,1,0.9954,0.0423362019642824,0.13519836962223053,0.052431024610996246
mnist,42,train,8,2,0.2108,0.743009130405292,-0.029559753835201263,0.03836607560515404
mnist,42,train,9,2,0.0,0.0,-0.20970073342323303,0.041270770132541656
mnist,42,train,10,2,1.0,0.0,0.2554998993873596,0.05207193270325661
mnist,42,train,11,2,0.8096,0.7023074793431036,0.04664823040366173,0.05545424297451973
mnist,42,train,12,3,1.0,0.0,0.20572805404663086,0.030377117916941643
mnist,42,train,13,3,1.0,0.0,0.23387841880321503,0.034569982439279556
mnist,42,train,14,3,0.9981,0.019914106107932032,0.1040380597114563,0.03772909194231033
mnist,42,train,15,3,0.5773,0.9826896121970391,0.008915668353438377,0.046098921447992325
mnist,42,test,0,0,1.0,0.0,0.13692578673362732,0.034725628793239594
mnist,42,test,1,0,0.5135,0.9994740737466832,0.007832134142518044,0.04932542145252228
mnist,42,test,2,0,1.0,0.0,0.2328605353832245,0.04730219021439552
mnist,42,test,3,0,0.0095,0.0774599334613366,-0.13544823229312897,0.04371201619505882
mnist,42,test,4,1,0.2095,0.7405259206127808,-0.04351874068379402,0.04870134964585304
mnist,42,test,5,1,0.9995,0.0062040592958311465,0.14695928990840912,0.04364269971847534
mnist,42,test,6,1,0.5175,0.9991161687869751,-0.002535151084885001,0.04543718323111534
mnist,42,test,7,1,0.9985,0.016233651393198188,0.13939853012561798,0.049261707812547684
mnist,42,test,8,2,0.2035,0.7288731060739966,-0.029325896874070168,0.036924123764038086
mnist,42,test,9,2,0.0,0.0,-0.2103130966424942,0.03868012875318527
mnist,42,test,10,2,1.0,0.0,0.24607302248477936,0.04632524028420448
mnist,42,test,11,2,0.8185,0.6833475138167637,0.05165010690689087,0.05778062343597412
mnist,42,test,12,3,1.0,0.0,0.20156466960906982,0.029851792380213737
mnist,42,test,13,3,1.0,0.0,0.24245639145374298,0.03350207582116127
mnist,42,test,14,3,0.997,0.029464051844922262,0.09916523844003677,0.03613364323973656
mnist,42,test,15,3,0.696,0.8861256474645223,0.022243186831474304,0.04486338421702385
mnist,123,train,0,0,0.5911,0.9759192593921169,0.011348491534590721,0.045548535883426666
mnist,123,train,1,0,0.5424,0.9948065262345054,0.00698088388890028,0.04643853381276131
mnist,123,train,2,0,0.5664,0.987240771651401,0.009039455093443394,0.041285306215286255
mnist,123,train,3,0,0.8015,0.7189179318403397,0.03698403015732765,0.04347263276576996
mnist,123,train,4,1,0.7941,0.7335722959567021,0.02842770330607891,0.03721302002668381
mnist,123,train,5,1,0.0,0.0,-0.17600901424884796,0.045297782868146896
mnist,123,train,6,1,0.8764,0.5396211781574378,0.048723023384809494,0.04230384901165962
mnist,123,train,7,1,0.0,0.0,-0.18548981845378876,0.040634702891111374
mnist,123,train,8,2,0.0716,0.37186636835871123,-0.07411421090364456,0.04837343096733093
mnist,123,train,9,2,0.898,0.4753035717834445,0.062454186379909515,0.047007493674755096
mnist,123,train,10,2,1.0,0.0,0.20560647547245026,0.0671461895108223
mnist,123,train,11,2,0.7327,0.8375635697951688,0.025551699101924896,0.042018577456474304
mnist,123,train,12,3,1.0,0.0,0.17545752227306366,0.036385271698236465
mnist,123,train,13,3,0.214,0.7490593447969769,-0.04709513112902641,0.05899880826473236
mnist,123,train,14,3,0.9945,0.04919790151042319,0.09090835601091385,0.04174065962433815
mnist,123,train,15,3,0.0005,0.006204059295831671,-0.13539375364780426,0.05058770999312401
mnist,123,test,0,0,0.508,0.9998153271549207,0.0022222064435482025,0.046047039330005646
mnist,123,test,1,0,0.6405,0.9422673688853349,0.019946124404668808,0.04389334097504616
mnist,123,test,2,0,0.5315,0.9971350747849759,0.003496118588373065,0.03851976990699768
mnist,123,test,3,0,0.833,0.6507958209094192,0.03944343701004982,0.04218580946326256
mnist,123,test,4,1,0.8475,0.616061355788333,0.033306967467069626,0.03502412140369415
mnist,123,test,5,1,0.0,0.0,-0.17691171169281006,0.044987984001636505
mnist,123,test,6,1,0.9175,0.41092741294400464,0.05317164584994316,0.039401356130838394
mnist,123,test,7,1,0.0,0.0,-0.17454232275485992,0.03732201084494591
mnist,123,test,8,2,0.069,0.36218071725715634,-0.07219135016202927,0.04693439602851868
mnist,123,test,9,2,0.8755,0.5421591150560313,0.058328818529844284,0.04641309753060341
mnist,123,test,10,2,1.0,0.0,0.2028389871120453,0.06615207344293594
mnist,123,test,11,2,0.7005,0.8806788440000577,0.02076493389904499,0.04247306287288666
mnist,123,test,12,3,1.0,0.0,0.1801031529903412,0.035014234483242035
mnist,123,test,13,3,0.2915,0.8706510209167262,-0.030973896384239197,0.05485605448484421
mnist,123,test,14,3,0.9925,0.06372123785493009,0.0903019830584526,0.03985942527651787
mnist,123,test,15,3,0.0,0.0,-0.141237273812294,0.04787752032279968
mnist,456,train,0,0,1.0,0.0,0.13764414191246033,0.026295550167560577
mnist,456,train,1,0,0.9999,0.0014730335283280294,0.14604432880878448,0.03521760180592537
mnist,456,train,2,0,0.2293,0.7767890490917189,-0.025936327874660492,0.03570547699928284
mnist,456,train,3,0,0.0,0.0,-0.17155662178993225,0.03598666936159134
mnist,456,train,4,1,0.0,0.0,-0.2247418910264969,0.050831012427806854
mnist,456,train,5,1,0.8136,0.6938794971914295,0.031113427132368088,0.03528055176138878
mnist,456,train,6,1,0.2962,0.8765960861188786,-0.01718899980187416,0.03428066149353981
mnist,456,train,7,1,0.9981,0.019914106107932032,0.0976450964808464,0.031249331310391426
mnist,456,train,8,2,0.9985,0.016233651393198188,0.098259836435318,0.033339422196149826
mnist,456,train,9,2,0.1256,0.5452464851371476,-0.04976176097989082,0.04013422504067421
mnist,456,train,10,2,1.0,0.0,0.22202736139297485,0.03613070026040077
mnist,456,train,11,2,0.9998,0.0027460526282628087,0.13952761888504028,0.03852183371782303
mnist,456,train,12,3,0.0,0.0,-0.1524398922920227,0.03430386632680893
mnist,456,train,13,3,0.1289,0.5544136949431769,-0.04128396138548851,0.03858610615134239
mnist,456,train,14,3,0.0287,0.18782993023649522,-0.05746271833777428,0.032809752970933914
mnist,456,train,15,3,0.7882,0.7449093155304319,0.04050988331437111,0.04624200239777565
mnist,456,test,0,0,1.0,0.0,0.1361711174249649,0.02519414573907852
mnist,456,test,1,0,1.0,0.0,0.14007580280303955,0.03381894528865814
mnist,456,test,2,0,0.1605,0.6355043726893206,-0.03383716568350792,0.03492172062397003
mnist,456,test,3,0,0.0,0.0,-0.1702265441417694,0.036740534007549286
mnist,456,test,4,1,0.0,0.0,-0.22450804710388184,0.05018646642565727
mnist,456,test,5,1,0.861,0.5816138985648369,0.036139778792858124,0.03313111513853073
mnist,456,test,6,1,0.237,0.7900156893384529,-0.022329695522785187,0.03340774402022362
mnist,456,test,7,1,0.999,0.011407757737461145,0.09566406905651093,0.030331015586853027
mnist,456,test,8,2,0.9975,0.025211865892934317,0.0987560898065567,0.032393354922533035
mnist,456,test,9,2,0.0885,0.4314430953150709,-0.05129517614841461,0.03741937130689621
mnist,456,test,10,2,1.0,0.0,0.22380425035953522,0.03646906837821007
mnist,456,test,11,2,1.0,0.0,0.13020539283752441,0.03576192259788513
mnist,456,test,12,3,0.0,0.0,-0.14761576056480408,0.033206015825271606
mnist,456,test,13,3,0.152,0.6148227571490692,-0.035442054271698,0.03579052537679672
mnist,456,test,14,3,0.0375,0.2307099556914764,-0.058966320008039474,0.032902445644140244
mnist,456,test,15,3,0.7905,0.7405259206127808,0.04164225980639458,0.046499427407979965
fashion,42,train,0,0,0.9756,0.16547895236095783,0.09274414926767349,0.04362161085009575
fashion,42,train,1,0,0.8621,0.5787125680794989,0.062171388417482376,0.056252509355545044
fashion,42,train,2,0,1.0,0.0,0.21300941705703735,0.050502531230449677
fashion,42,train,3,0,0.0014,0.015290858996338223,-0.16551493108272552,0.05481160804629326
fashion,42,train,4,1,0.0089,0.07340929030162507,-0.08667530119419098,0.0386691689491272
fashion,42,train,5,1,0.9563,0.2590066477050489,0.11726407706737518,0.06526552885770798
fashion,42,train,6,1,0.6514,0.9328115181377442,0.012908823788166046,0.04298342391848564
fashion,42,train,7,1,0.9659,0.2145536903370142,0.10466723889112473,0.055523600429296494
fashion,42,train,8,2,0.091,0.43979890827156226,-0.0677260160446167,0.050123002380132675
fashion,42,train,9,2,0.0001,0.0014730335283281598,-0.17334045469760895,0.04336598515510559
fashion,42,train,10,2,1.0,0.0,0.2319997102022171,0.04553030803799629
fashion,42,train,11,2,0.5084,0.9997963972977278,-0.002893325872719288,0.05399337038397789
fashion,42,train,12,3,0.9997,0.003943568548144849,0.19520781934261322,0.056974392384290695
fashion,42,train,13,3,0.9996,0.005092047537179772,0.19714419543743134,0.060364313423633575
fashion,42,train,14,3,0.9586,0.24867472238923966,0.0780937522649765,0.04378195106983185
fashion,42,train,15,3,0.2423,0.7988442237298402,-0.04473032057285309,0.05930791795253754
fashion,42,test,0,0,0.973,0.179116319181652,0.09167716652154922,0.04476318508386612
fashion,42,test,1,0,0.87,0.5574381850279891,0.06176408380270004,0.05543289706110954
fashion,42,test,2,0,1.0,0.0,0.21338889002799988,0.04995414987206459
fashion,42,test,3,0,0.0005,0.006204059295831671,-0.16608209908008575,0.054601654410362244
fashion,42,test,4,1,0.007,0.06017244203200856,-0.08582093566656113,0.03850247338414192
fashion,42,test,5,1,0.956,0.26034062501245053,0.11581147462129593,0.06420736014842987
fashion,42,test,6,1,0.658,0.9267197214533212,0.014778560027480125,0.04149017110466957
fashion,42,test,7,1,0.9685,0.2018593879845883,0.10607368499040604,0.055037014186382294
fashion,42,test,8,2,0.0765,0.3897250272638175,-0.07003896683454514,0.050067055970430374
fashion,42,test,9,2,0.0,0.0,-0.17159612476825714,0.04198784753680229
fashion,42,test,10,2,1.0,0.0,0.23060263693332672,0.04660218209028244
fashion,42,test,11,2,0.4925,0.9998376907209824,-0.00418128864839673,0.05347637087106705
fashion,42,test,12,3,1.0,0.0,0.19667653739452362,0.05696219205856323
fashion,42,test,13,3,1.0,0.0,0.19653049111366272,0.06026318669319153
fashion,42,test,14,3,0.951,0.2821337464520462,0.0756288468837738,0.04392044618725777
fashion,42,test,15,3,0.242,0.7983504203079477,-0.04446735605597496,0.05856683477759361
fashion,123,train,0,0,0.6316,0.9494356433280757,0.02697134017944336,0.060963224619627
fashion,123,train,1,0,0.1977,0.7173041763374735,-0.04130112752318382,0.04769238084554672
fashion,123,train,2,0,0.676,0.9086783848007121,0.01811893843114376,0.03587847203016281
fashion,123,train,3,0,0.8152,0.6904658250533904,0.03937514126300812,0.04533885791897774
fashion,123,train,4,1,0.834,0.6484721588056482,0.037611521780490875,0.03850765526294708
fashion,123,train,5,1,0.0,0.0,-0.17887763679027557,0.04649021103978157
fashion,123,train,6,1,0.8092,0.7031420013350352,0.04932374134659767,0.0556364543735981
fashion,123,train,7,1,0.0,0.0,-0.17599305510520935,0.035057228058576584
fashion,123,train,8,2,0.3157,0.8996439261137572,-0.027757400646805763,0.05009974166750908
fashion,123,train,9,2,0.9497,0.2876699711881601,0.0697120651602745,0.04122592881321907
fashion,123,train,10,2,1.0,0.0,0.20597484707832336,0.0704740434885025
fashion,123,train,11,2,0.8871,0.5086017377439004,0.054748792201280594,0.04514496400952339
fashion,123,train,12,3,1.0,0.0,0.15998704731464386,0.04272414743900299
fashion,123,train,13,3,0.2172,0.7550217275156801,-0.027822839096188545,0.04460502043366432
fashion,123,train,14,3,0.9935,0.0565717142666223,0.08630084246397018,0.03744092956185341
fashion,123,train,15,3,0.0002,0.002746052628263047,-0.1648581475019455,0.05966521427035332
fashion,123,test,0,0,0.6345,0.9471541018292895,0.02779882401227951,0.05974645912647247
fashion,123,test,1,0,0.1925,0.7066720692756119,-0.04166199639439583,0.047116298228502274
fashion,123,test,2,0,0.684,0.8999784480561683,0.018441753461956978,0.036240145564079285
fashion,123,test,3,0,0.822,0.675682186163725,0.04015543311834335,0.045307938009500504
fashion,123,test,4,1,0.862,0.5789769306918972,0.03937177360057831,0.03813399374485016
fashion,123,test,5,1,0.0,0.0,-0.18044331669807434,0.04604135453701019
fashion,123,test,6,1,0.8135,0.6940920414148839,0.049994584172964096,0.05412694811820984
fashion,123,test,7,1,0.0,0.0,-0.1748872548341751,0.03462005406618118
fashion,123,test,8,2,0.3215,0.9060051993494594,-0.02729080058634281,0.04998628795146942
fashion,123,test,9,2,0.9515,0.2799905680862795,0.07065574824810028,0.041397854685783386
fashion,123,test,10,2,1.0,0.0,0.20531798899173737,0.07054418325424194
fashion,123,test,11,2,0.8935,0.4892677884444636,0.05536094680428505,0.04469113051891327
fashion,123,test,12,3,0.9995,0.0062040592958311465,0.1621856391429901,0.042790383100509644
fashion,123,test,13,3,0.2075,0.7366768263847576,-0.028811804950237274,0.04407760873436928
fashion,123,test,14,3,0.9935,0.0565717142666223,0.08613986521959305,0.03652419522404671
fashion,123,test,15,3,0.0,0.0,-0.16485372185707092,0.0598030649125576
fashion,456,train,0,0,1.0,0.0,0.15054677426815033,0.040280550718307495
fashion,456,train,1,0,0.9993,0.00834578320607896,0.1033405289053917,0.030833983793854713
fashion,456,train,2,0,0.2117,0.744719686399653,-0.030234914273023605,0.04148770868778229
fashion,456,train,3,0,0.0014,0.015290858996338223,-0.10759807378053665,0.03529834747314453
fashion,456,train,4,1,0.0,0.0,-0.21557433903217316,0.04650936648249626
fashion,456,train,5,1,0.8795,0.5307963941547871,0.039912838488817215,0.03627000004053116
fashion,456,train,6,1,0.3653,0.9469948276494238,-0.010480218566954136,0.0313836969435215
fashion,456,train,7,1,0.9271,0.37665386008987667,0.048949360847473145,0.03310921788215637
fashion,456,train,8,2,0.9239,0.38828595884511563,0.0617835633456707,0.0433456189930439
fashion,456,train,9,2,0.815,0.690893871435041,0.028149573132395744,0.032425787299871445
fashion,456,train,10,2,1.0,0.0,0.19999630749225616,0.035150088369846344
fashion,456,train,11,2,0.8614,0.5805605620696945,0.065617635846138,0.05342923477292061
fashion,456,train,12,3,0.0,0.0,-0.13579301536083221,0.0356348380446434
fashion,456,train,13,3,0.0428,0.25498599136282907,-0.06638306379318237,0.04151860997080803
fashion,456,train,14,3,0.0024,0.024344909517639703,-0.10353592783212662,0.04834818094968796
fashion,456,train,15,3,0.89,0.49991595816452794,0.04674259573221207,0.03872475028038025
fashion,456,test,0,0,1.0,0.0,0.15066514909267426,0.040589526295661926
fashion,456,test,1,0,1.0,0.0,0.10357806086540222,0.030108388513326645
fashion,456,test,2,0,0.217,0.7546516338427502,-0.030486490577459335,0.04163306578993797
fashion,456,test,3,0,0.001,0.011407757737461138,-0.10577335953712463,0.03513398766517639
fashion,456,test,4,1,0.0,0.0,-0.21576137840747833,0.04630344733595848
fashion,456,test,5,1,0.8915,0.49537486047417817,0.04041881486773491,0.0358559787273407
fashion,456,test,6,1,0.383,0.9601333007496377,-0.010179834440350533,0.031650520861148834
fashion,456,test,7,1,0.934,0.3508159298956047,0.04818382486701012,0.03228500485420227
fashion,456,test,8,2,0.931,0.3621807172571562,0.060541849583387375,0.04300820454955101
fashion,456,test,9,2,0.8295,0.6588472899555771,0.030686330050230026,0.032704006880521774
fashion,456,test,10,2,1.0,0.0,0.20038564503192902,0.03503606840968132
fashion,456,test,11,2,0.855,0.5971850452537841,0.06396742910146713,0.05352533608675003
fashion,456,test,12,3,0.0,0.0,-0.13484930992126465,0.03644304722547531
fashion,456,test,13,3,0.0385,0.23537196282802214,-0.06581304222345352,0.041804179549217224
fashion,456,test,14,3,0.001,0.011407757737461138,-0.1042213886976242,0.047100432217121124
fashion,456,test,15,3,0.8905,0.4984059627547671,0.04682121425867081,0.037883587181568146
